panel,model,input_len,output_len,lane,concurrency,decode_throughput_tps,decode_tokens,decode_elapsed_s,measured_steps,artifact
panel-0,qwen3-30b-fp8,32768,2048,vllm-vanilla,1,184.3704793371677,768,4.165525862714276,768,/data2/haojitai/outputs/Sparse-vLLM/paper_boundary_capacity_32k2k_20260910/qwen3-30b-fp8/svllm-vanilla_svllm-quest_svllm-omnikv_vllm-vanilla-qwen-gpu5/vllm-vanilla/bs1/performance.jsonl
panel-0,qwen3-30b-fp8,32768,2048,vllm-vanilla,2,282.7995921545223,1536,5.431408115895465,768,/data2/haojitai/outputs/Sparse-vLLM/paper_boundary_capacity_32k2k_20260910/qwen3-30b-fp8/svllm-vanilla_svllm-quest_svllm-omnikv_vllm-vanilla-qwen-gpu5/vllm-vanilla/bs2/performance.jsonl
panel-0,qwen3-30b-fp8,32768,2048,vllm-vanilla,4,396.9237163254184,3072,7.7395224161446095,768,/data2/haojitai/outputs/Sparse-vLLM/paper_boundary_capacity_32k2k_20260910/qwen3-30b-fp8/svllm-vanilla_svllm-quest_svllm-omnikv_vllm-vanilla-qwen-gpu5/vllm-vanilla/bs4/performance.jsonl
panel-0,qwen3-30b-fp8,32768,2048,vllm-vanilla,8,539.8433885345648,6144,11.381078532198444,768,/data2/haojitai/outputs/Sparse-vLLM/paper_boundary_capacity_32k2k_20260910/qwen3-30b-fp8/svllm-vanilla_svllm-quest_svllm-omnikv_vllm-vanilla-qwen-gpu5/vllm-vanilla/bs8/performance.jsonl
panel-0,qwen3-30b-fp8,32768,2048,vllm-vanilla,12,532.1965403003157,9216,17.31691076909192,768,/data2/haojitai/outputs/Sparse-vLLM/paper_boundary_capacity_32k2k_20260910/qwen3-30b-fp8/svllm-vanilla_svllm-quest_svllm-omnikv_vllm-vanilla-qwen-gpu5/vllm-vanilla/bs12/performance.jsonl
panel-0,qwen3-30b-fp8,32768,2048,sengine-vanilla,1,212.80129671998415,768,3.6090005645528436,768,/data2/haojitai/outputs/Sparse-vLLM/paper_boundary_capacity_32k2k_repoopt_20260922/qwen3-30b-fp8/sengine-vanilla_sengine-snapkv_sengine-quest_sengine-omnikv-repoopt-full-20260922/sengine-vanilla/bs1/performance.jsonl
panel-0,qwen3-30b-fp8,32768,2048,sengine-vanilla,2,340.2121006211782,1536,4.514830593019724,768,/data2/haojitai/outputs/Sparse-vLLM/paper_boundary_capacity_32k2k_repoopt_20260922/qwen3-30b-fp8/sengine-vanilla_sengine-snapkv_sengine-quest_sengine-omnikv-repoopt-full-20260922/sengine-vanilla/bs2/performance.jsonl
panel-0,qwen3-30b-fp8,32768,2048,sengine-vanilla,4,454.8156813032087,3072,6.754384526051581,768,/data2/haojitai/outputs/Sparse-vLLM/paper_boundary_capacity_32k2k_repoopt_20260922/qwen3-30b-fp8/sengine-vanilla_sengine-snapkv_sengine-quest_sengine-omnikv-repoopt-full-20260922/sengine-vanilla/bs4/performance.jsonl
panel-0,qwen3-30b-fp8,32768,2048,sengine-vanilla,8,610.7110091572753,6144,10.060404852498323,768,/data2/haojitai/outputs/Sparse-vLLM/paper_boundary_capacity_32k2k_repoopt_20260922/qwen3-30b-fp8/sengine-vanilla_sengine-snapkv_sengine-quest_sengine-omnikv-repoopt-full-20260922/sengine-vanilla/bs8/performance.jsonl
panel-0,qwen3-30b-fp8,32768,2048,sengine-vanilla,12,588.2618953471637,9216,15.666491528507322,768,/data2/haojitai/outputs/Sparse-vLLM/paper_boundary_capacity_32k2k_repoopt_20260922/qwen3-30b-fp8/sengine-vanilla_sengine-snapkv_sengine-quest_sengine-omnikv-repoopt-full-20260922/sengine-vanilla/bs12/performance.jsonl
panel-0,qwen3-30b-fp8,32768,2048,sengine-snapkv,1,213.22106646538242,768,3.601895500905812,768,/data2/haojitai/outputs/Sparse-vLLM/paper_boundary_capacity_32k2k_repoopt_affinity0_20260922/qwen3-30b-fp8/sengine-snapkv-repoopt-snapkv-affinity0-probes-r4-gpu6-20260922/sengine-snapkv/bs1/performance.jsonl
panel-0,qwen3-30b-fp8,32768,2048,sengine-snapkv,2,373.3252386813742,1536,4.114374922588468,768,/data2/haojitai/outputs/Sparse-vLLM/paper_boundary_capacity_32k2k_repoopt_affinity0_20260922/qwen3-30b-fp8/sengine-snapkv-repoopt-snapkv-affinity0-probes-r4-gpu6-20260922/sengine-snapkv/bs2/performance.jsonl
panel-0,qwen3-30b-fp8,32768,2048,sengine-snapkv,4,615.8777735910534,3072,4.988002703990787,768,/data2/haojitai/outputs/Sparse-vLLM/paper_boundary_capacity_32k2k_repoopt_affinity0_20260922/qwen3-30b-fp8/sengine-snapkv-repoopt-snapkv-affinity0-probes-r4-gpu6-20260922/sengine-snapkv/bs4/performance.jsonl
panel-0,qwen3-30b-fp8,32768,2048,sengine-snapkv,8,1055.8031494657218,6144,5.819266596343368,768,/data2/haojitai/outputs/Sparse-vLLM/paper_boundary_capacity_32k2k_repoopt_affinity0_20260922/qwen3-30b-fp8/sengine-snapkv-repoopt-snapkv-affinity0-probes-r4-gpu6-20260922/sengine-snapkv/bs8/performance.jsonl
panel-0,qwen3-30b-fp8,32768,2048,sengine-snapkv,16,1598.4917597304304,12288,7.687246384099126,768,/data2/haojitai/outputs/Sparse-vLLM/paper_boundary_capacity_32k2k_repoopt_affinity0_20260922/qwen3-30b-fp8/sengine-snapkv-repoopt-snapkv-affinity0-probes-r4-gpu6-20260922/sengine-snapkv/bs16/performance.jsonl
panel-0,qwen3-30b-fp8,32768,2048,sengine-snapkv,32,2116.348453303024,24576,11.612454443238676,768,/data2/haojitai/outputs/Sparse-vLLM/paper_boundary_capacity_32k2k_repoopt_affinity0_20260922/qwen3-30b-fp8/sengine-snapkv-repoopt-snapkv-affinity0-probes-r4-gpu6-20260922/sengine-snapkv/bs32/performance.jsonl
panel-0,qwen3-30b-fp8,32768,2048,sengine-snapkv,41,2138.2067548284576,31488,14.726358865387738,768,/data2/haojitai/outputs/Sparse-vLLM/paper_boundary_capacity_32k2k_repoopt_affinity0_20260922/qwen3-30b-fp8/sengine-snapkv-repoopt-snapkv-affinity0-probes-r4-gpu6-20260922/sengine-snapkv/bs41/performance.jsonl
panel-0,qwen3-30b-fp8,32768,2048,sengine-quest,1,216.88365723660795,768,3.5410690219141543,768,/data2/haojitai/outputs/Sparse-vLLM/paper_boundary_capacity_32k2k_repoopt_20260922/qwen3-30b-fp8/sengine-vanilla_sengine-snapkv_sengine-quest_sengine-omnikv-repoopt-full-20260922/sengine-quest/bs1/performance.jsonl
panel-0,qwen3-30b-fp8,32768,2048,sengine-quest,2,398.9561034221394,1536,3.8500476288609207,768,/data2/haojitai/outputs/Sparse-vLLM/paper_boundary_capacity_32k2k_repoopt_20260922/qwen3-30b-fp8/sengine-vanilla_sengine-snapkv_sengine-quest_sengine-omnikv-repoopt-full-20260922/sengine-quest/bs2/performance.jsonl
panel-0,qwen3-30b-fp8,32768,2048,sengine-quest,4,644.6141373785624,3072,4.765641679055989,768,/data2/haojitai/outputs/Sparse-vLLM/paper_boundary_capacity_32k2k_repoopt_20260922/qwen3-30b-fp8/sengine-vanilla_sengine-snapkv_sengine-quest_sengine-omnikv-repoopt-full-20260922/sengine-quest/bs4/performance.jsonl
panel-0,qwen3-30b-fp8,32768,2048,sengine-quest,8,1154.8144071190638,6144,5.320335425436497,768,/data2/haojitai/outputs/Sparse-vLLM/paper_boundary_capacity_32k2k_repoopt_20260922/qwen3-30b-fp8/sengine-vanilla_sengine-snapkv_sengine-quest_sengine-omnikv-repoopt-full-20260922/sengine-quest/bs8/performance.jsonl
panel-0,qwen3-30b-fp8,32768,2048,sengine-quest,11,1460.8244176818357,8448,5.7830358650535345,768,/data2/haojitai/outputs/Sparse-vLLM/paper_boundary_capacity_32k2k_repoopt_20260922/qwen3-30b-fp8/sengine-vanilla_sengine-snapkv_sengine-quest_sengine-omnikv-repoopt-full-20260922/sengine-quest/bs11/performance.jsonl
panel-0,qwen3-30b-fp8,32768,2048,sengine-omnikv,1,218.66292911642375,768,3.512255155015737,768,/data2/haojitai/outputs/Sparse-vLLM/paper_boundary_capacity_32k2k_repoopt_20260922/qwen3-30b-fp8/sengine-vanilla_sengine-snapkv_sengine-quest_sengine-omnikv-repoopt-full-20260922/sengine-omnikv/bs1/performance.jsonl
panel-0,qwen3-30b-fp8,32768,2048,sengine-omnikv,2,404.66963336960833,1536,3.7956888121552765,768,/data2/haojitai/outputs/Sparse-vLLM/paper_boundary_capacity_32k2k_repoopt_20260922/qwen3-30b-fp8/sengine-vanilla_sengine-snapkv_sengine-quest_sengine-omnikv-repoopt-full-20260922/sengine-omnikv/bs2/performance.jsonl
panel-0,qwen3-30b-fp8,32768,2048,sengine-omnikv,4,659.875730447439,3072,4.655422010924667,768,/data2/haojitai/outputs/Sparse-vLLM/paper_boundary_capacity_32k2k_repoopt_20260922/qwen3-30b-fp8/sengine-vanilla_sengine-snapkv_sengine-quest_sengine-omnikv-repoopt-full-20260922/sengine-omnikv/bs4/performance.jsonl
panel-0,qwen3-30b-fp8,32768,2048,sengine-omnikv,8,1123.8819881096558,6144,5.466766141820699,768,/data2/haojitai/outputs/Sparse-vLLM/paper_boundary_capacity_32k2k_repoopt_20260922/qwen3-30b-fp8/sengine-vanilla_sengine-snapkv_sengine-quest_sengine-omnikv-repoopt-full-20260922/sengine-omnikv/bs8/performance.jsonl
panel-0,qwen3-30b-fp8,32768,2048,sengine-omnikv,12,1501.085809906425,9216,6.1395557397045195,768,/data2/haojitai/outputs/Sparse-vLLM/paper_boundary_capacity_32k2k_repoopt_20260922/qwen3-30b-fp8/sengine-vanilla_sengine-snapkv_sengine-quest_sengine-omnikv-repoopt-full-20260922/sengine-omnikv/bs12/performance.jsonl
panel-0,qwen3-30b-fp8,32768,2048,hisparse-quest,1,159.44399589671337,768,4.816738289082423,768,/data2/haojitai/outputs/Sparse-vLLM/paper_boundary_capacity_32k2k_20260910/qwen3-30b-fp8/svllm-snapkv_tangram-snapkv_hisparse-quest-qwen-gpu5-sparse-matched/hisparse-quest/bs1/performance.jsonl
panel-0,qwen3-30b-fp8,32768,2048,hisparse-quest,2,295.09260258366834,1536,5.205145729007199,768,/data2/haojitai/outputs/Sparse-vLLM/paper_boundary_capacity_32k2k_20260910/qwen3-30b-fp8/svllm-snapkv_tangram-snapkv_hisparse-quest-qwen-gpu5-sparse-matched/hisparse-quest/bs2/performance.jsonl
panel-0,qwen3-30b-fp8,32768,2048,tangram-snapkv,1,136.67773832350667,768,5.619056983385235,768,/data2/haojitai/outputs/Sparse-vLLM/tangram_formal_chunk4096_20260911/32k/qwen3-30b-fp8/tangram-snapkv-formal-chunk4096/tangram-snapkv/bs1/performance.jsonl
panel-0,qwen3-30b-fp8,32768,2048,tangram-snapkv,2,250.86569827692298,1536,6.12279801722616,768,/data2/haojitai/outputs/Sparse-vLLM/tangram_formal_chunk4096_20260911/32k/qwen3-30b-fp8/tangram-snapkv-formal-chunk4096/tangram-snapkv/bs2/performance.jsonl
panel-0,qwen3-30b-fp8,32768,2048,tangram-snapkv,4,488.2932850712651,3072,6.291300933109596,768,/data2/haojitai/outputs/Sparse-vLLM/tangram_formal_chunk4096_20260911/32k/qwen3-30b-fp8/tangram-snapkv-formal-chunk4096/tangram-snapkv/bs4/performance.jsonl
panel-0,qwen3-30b-fp8,32768,2048,tangram-snapkv,8,791.5544777432457,6144,7.761942068114877,768,/data2/haojitai/outputs/Sparse-vLLM/tangram_formal_chunk4096_20260911/32k/qwen3-30b-fp8/tangram-snapkv-formal-chunk4096/tangram-snapkv/bs8/performance.jsonl
panel-0,qwen3-30b-fp8,32768,2048,tangram-snapkv,16,1133.684084250138,12288,10.838998421793804,768,/data2/haojitai/outputs/Sparse-vLLM/tangram_formal_chunk4096_20260911/32k/qwen3-30b-fp8/tangram-snapkv-formal-chunk4096/tangram-snapkv/bs16/performance.jsonl
panel-0,qwen3-30b-fp8,32768,2048,tangram-snapkv,32,1597.2579187936033,24576,15.386369171086699,768,/data2/haojitai/outputs/Sparse-vLLM/tangram_formal_chunk4096_20260911/32k/qwen3-30b-fp8/tangram-snapkv-formal-chunk4096/tangram-snapkv/bs32/performance.jsonl
panel-0,qwen3-30b-fp8,32768,2048,vortex-quest,1,171.93653751726058,768,4.466764371842146,768,/data2/haojitai/outputs/Sparse-vLLM/paper_vortex_capacity_20260910/qwen3-30b-fp8-32768/qwen3-30b-fp8/vortex-quest-vortex-v3/vortex-quest/bs1/performance.jsonl
panel-0,qwen3-30b-fp8,32768,2048,vortex-quest,2,305.7716088403428,1536,5.023357158061117,768,/data2/haojitai/outputs/Sparse-vLLM/paper_vortex_capacity_20260910/qwen3-30b-fp8-32768/qwen3-30b-fp8/vortex-quest-vortex-v3/vortex-quest/bs2/performance.jsonl
panel-0,qwen3-30b-fp8,32768,2048,vortex-quest,4,511.19896935641174,3072,6.00940178707242,768,/data2/haojitai/outputs/Sparse-vLLM/paper_vortex_capacity_20260910/qwen3-30b-fp8-32768/qwen3-30b-fp8/vortex-quest-vortex-v3/vortex-quest/bs4/performance.jsonl
panel-0,qwen3-30b-fp8,32768,2048,vortex-quest,8,827.2213160534247,6144,7.4272747579962015,768,/data2/haojitai/outputs/Sparse-vLLM/paper_vortex_capacity_20260910/qwen3-30b-fp8-32768/qwen3-30b-fp8/vortex-quest-vortex-v3/vortex-quest/bs8/performance.jsonl
panel-0,qwen3-30b-fp8,32768,2048,vortex-quest,12,1024.3904041846858,9216,8.996570020914078,768,/data2/haojitai/outputs/Sparse-vLLM/paper_vortex_capacity_20260910/qwen3-30b-fp8-32768/qwen3-30b-fp8/vortex-quest-vortex-v3/vortex-quest/bs12/performance.jsonl
panel-1,glm4.7-flash,32768,2048,vllm-vanilla,1,144.87935269223672,768,5.300962392007932,768,/data2/haojitai/outputs/Sparse-vLLM/paper_boundary_capacity_32k2k_20260910/glm4.7-flash/svllm-vanilla_vllm-vanilla_svllm-snapkv-glm-gpu67-remaining/vllm-vanilla/bs1/performance.jsonl
panel-1,glm4.7-flash,32768,2048,vllm-vanilla,2,272.819251340896,1536,5.630101220682263,768,/data2/haojitai/outputs/Sparse-vLLM/paper_boundary_capacity_32k2k_20260910/glm4.7-flash/svllm-vanilla_vllm-vanilla_svllm-snapkv-glm-gpu67-remaining/vllm-vanilla/bs2/performance.jsonl
panel-1,glm4.7-flash,32768,2048,vllm-vanilla,4,466.2050765044429,3072,6.589374836999923,768,/data2/haojitai/outputs/Sparse-vLLM/paper_boundary_capacity_32k2k_20260910/glm4.7-flash/svllm-vanilla_vllm-vanilla_svllm-snapkv-glm-gpu67-remaining/vllm-vanilla/bs4/performance.jsonl
panel-1,glm4.7-flash,32768,2048,vllm-vanilla,8,692.7383094921099,6144,8.869150032289326,768,/data2/haojitai/outputs/Sparse-vLLM/paper_boundary_capacity_32k2k_20260910/glm4.7-flash/svllm-vanilla_vllm-vanilla_svllm-snapkv-glm-gpu67-remaining/vllm-vanilla/bs8/performance.jsonl
panel-1,glm4.7-flash,32768,2048,vllm-vanilla,16,1004.2093630631032,12288,12.236492161871865,768,/data2/haojitai/outputs/Sparse-vLLM/paper_boundary_capacity_32k2k_20260910/glm4.7-flash/svllm-vanilla_vllm-vanilla_svllm-snapkv-glm-gpu67-remaining/vllm-vanilla/bs16/performance.jsonl
panel-1,glm4.7-flash,32768,2048,vllm-vanilla,23,897.7751811746139,17664,19.675304430769756,768,/data2/haojitai/outputs/Sparse-vLLM/paper_boundary_capacity_32k2k_20260910/glm4.7-flash/svllm-vanilla_vllm-vanilla_svllm-snapkv-glm-gpu67-remaining/vllm-vanilla/bs23/performance.jsonl
panel-1,glm4.7-flash,32768,2048,sengine-vanilla,1,151.7915406410691,768,5.059570492245257,768,/data2/haojitai/outputs/Sparse-vLLM/paper_boundary_capacity_32k2k_repoopt_20260922/glm4.7-flash/sengine-vanilla_sengine-snapkv_sengine-quest_sengine-omnikv-repoopt-full-r2-20260922/sengine-vanilla/bs1/performance.jsonl
panel-1,glm4.7-flash,32768,2048,sengine-vanilla,2,263.655879157043,1536,5.825775647070259,768,/data2/haojitai/outputs/Sparse-vLLM/paper_boundary_capacity_32k2k_repoopt_20260922/glm4.7-flash/sengine-vanilla_sengine-snapkv_sengine-quest_sengine-omnikv-repoopt-full-r2-20260922/sengine-vanilla/bs2/performance.jsonl
panel-1,glm4.7-flash,32768,2048,sengine-vanilla,4,445.1236731797111,3072,6.901452753692865,768,/data2/haojitai/outputs/Sparse-vLLM/paper_boundary_capacity_32k2k_repoopt_20260922/glm4.7-flash/sengine-vanilla_sengine-snapkv_sengine-quest_sengine-omnikv-repoopt-full-r2-20260922/sengine-vanilla/bs4/performance.jsonl
panel-1,glm4.7-flash,32768,2048,sengine-vanilla,8,688.013496612502,6144,8.930057375691831,768,/data2/haojitai/outputs/Sparse-vLLM/paper_boundary_capacity_32k2k_repoopt_20260922/glm4.7-flash/sengine-vanilla_sengine-snapkv_sengine-quest_sengine-omnikv-repoopt-full-r2-20260922/sengine-vanilla/bs8/performance.jsonl
panel-1,glm4.7-flash,32768,2048,sengine-vanilla,16,949.4518846446613,12288,12.942204021848738,768,/data2/haojitai/outputs/Sparse-vLLM/paper_boundary_capacity_32k2k_repoopt_20260922/glm4.7-flash/sengine-vanilla_sengine-snapkv_sengine-quest_sengine-omnikv-repoopt-full-r2-20260922/sengine-vanilla/bs16/performance.jsonl
panel-1,glm4.7-flash,32768,2048,sengine-vanilla,22,1067.608737469398,16896,15.826022593304515,768,/data2/haojitai/outputs/Sparse-vLLM/paper_boundary_capacity_32k2k_repoopt_20260922/glm4.7-flash/sengine-vanilla_sengine-snapkv_sengine-quest_sengine-omnikv-repoopt-full-r2-20260922/sengine-vanilla/bs22/performance.jsonl
panel-1,glm4.7-flash,32768,2048,sengine-snapkv,1,141.10526490102836,768,5.442745177075267,768,/data2/haojitai/outputs/Sparse-vLLM/paper_boundary_capacity_32k2k_repoopt_affinity0_20260922/glm4.7-flash/sengine-snapkv-repoopt-snapkv-affinity0-probes-20260922/sengine-snapkv/bs1/performance.jsonl
panel-1,glm4.7-flash,32768,2048,sengine-snapkv,2,259.5620318364809,1536,5.917660565115511,768,/data2/haojitai/outputs/Sparse-vLLM/paper_boundary_capacity_32k2k_repoopt_affinity0_20260922/glm4.7-flash/sengine-snapkv-repoopt-snapkv-affinity0-probes-20260922/sengine-snapkv/bs2/performance.jsonl
panel-1,glm4.7-flash,32768,2048,sengine-snapkv,4,517.7157294008387,3072,5.93375828769058,768,/data2/haojitai/outputs/Sparse-vLLM/paper_boundary_capacity_32k2k_repoopt_affinity0_20260922/glm4.7-flash/sengine-snapkv-repoopt-snapkv-affinity0-probes-20260922/sengine-snapkv/bs4/performance.jsonl
panel-1,glm4.7-flash,32768,2048,sengine-snapkv,8,943.9503213938175,6144,6.508817106951028,768,/data2/haojitai/outputs/Sparse-vLLM/paper_boundary_capacity_32k2k_repoopt_affinity0_20260922/glm4.7-flash/sengine-snapkv-repoopt-snapkv-affinity0-probes-20260922/sengine-snapkv/bs8/performance.jsonl
panel-1,glm4.7-flash,32768,2048,sengine-snapkv,16,1586.255107234424,12288,7.746547162532806,768,/data2/haojitai/outputs/Sparse-vLLM/paper_boundary_capacity_32k2k_repoopt_affinity0_20260922/glm4.7-flash/sengine-snapkv-repoopt-snapkv-affinity0-probes-20260922/sengine-snapkv/bs16/performance.jsonl
panel-1,glm4.7-flash,32768,2048,sengine-snapkv,32,2427.9870406962305,24576,10.121965063270181,768,/data2/haojitai/outputs/Sparse-vLLM/paper_boundary_capacity_32k2k_repoopt_affinity0_20260922/glm4.7-flash/sengine-snapkv-repoopt-snapkv-affinity0-probes-20260922/sengine-snapkv/bs32/performance.jsonl
panel-1,glm4.7-flash,32768,2048,sengine-snapkv,64,3268.0748804597156,49152,15.04004706069827,768,/data2/haojitai/outputs/Sparse-vLLM/paper_boundary_capacity_32k2k_repoopt_affinity0_20260922/glm4.7-flash/sengine-snapkv-repoopt-snapkv-affinity0-probes-20260922/sengine-snapkv/bs64/performance.jsonl
panel-1,glm4.7-flash,32768,2048,sengine-snapkv,71,2753.095251452647,54528,19.806070992723107,768,/data2/haojitai/outputs/Sparse-vLLM/paper_boundary_capacity_32k2k_repoopt_affinity0_20260922/glm4.7-flash/sengine-snapkv-repoopt-snapkv-affinity0-bs71-20260922/sengine-snapkv/bs71/performance.jsonl
panel-1,glm4.7-flash,32768,2048,sengine-quest,1,140.82962561888505,768,5.453398009296507,768,/data2/haojitai/outputs/Sparse-vLLM/paper_boundary_capacity_32k2k_repoopt_20260922/glm4.7-flash/sengine-vanilla_sengine-snapkv_sengine-quest_sengine-omnikv-repoopt-full-r2-20260922/sengine-quest/bs1/performance.jsonl
panel-1,glm4.7-flash,32768,2048,sengine-quest,2,268.1676661865944,1536,5.727759881876409,768,/data2/haojitai/outputs/Sparse-vLLM/paper_boundary_capacity_32k2k_repoopt_20260922/glm4.7-flash/sengine-vanilla_sengine-snapkv_sengine-quest_sengine-omnikv-repoopt-full-r2-20260922/sengine-quest/bs2/performance.jsonl
panel-1,glm4.7-flash,32768,2048,sengine-quest,4,506.63909869629884,3072,6.063487811945379,768,/data2/haojitai/outputs/Sparse-vLLM/paper_boundary_capacity_32k2k_repoopt_20260922/glm4.7-flash/sengine-vanilla_sengine-snapkv_sengine-quest_sengine-omnikv-repoopt-full-r2-20260922/sengine-quest/bs4/performance.jsonl
panel-1,glm4.7-flash,32768,2048,sengine-quest,8,885.4112657146106,6144,6.939148210454732,768,/data2/haojitai/outputs/Sparse-vLLM/paper_boundary_capacity_32k2k_repoopt_20260922/glm4.7-flash/sengine-vanilla_sengine-snapkv_sengine-quest_sengine-omnikv-repoopt-full-r2-20260922/sengine-quest/bs8/performance.jsonl
panel-1,glm4.7-flash,32768,2048,sengine-quest,16,1451.6462850433545,12288,8.464872005395591,768,/data2/haojitai/outputs/Sparse-vLLM/paper_boundary_capacity_32k2k_repoopt_20260922/glm4.7-flash/sengine-vanilla_sengine-snapkv_sengine-quest_sengine-omnikv-repoopt-full-r2-20260922/sengine-quest/bs16/performance.jsonl
panel-1,glm4.7-flash,32768,2048,sengine-quest,20,1757.8934945749402,15360,8.73773072566837,768,/data2/haojitai/outputs/Sparse-vLLM/paper_boundary_capacity_32k2k_repoopt_20260922/glm4.7-flash/sengine-vanilla_sengine-snapkv_sengine-quest_sengine-omnikv-repoopt-full-r2-20260922/sengine-quest/bs20/performance.jsonl
panel-1,glm4.7-flash,32768,2048,sengine-omnikv,1,151.10595344363134,768,5.082526416052133,768,/data2/haojitai/outputs/Sparse-vLLM/paper_boundary_capacity_32k2k_repoopt_20260922/glm4.7-flash/sengine-vanilla_sengine-snapkv_sengine-quest_sengine-omnikv-repoopt-full-r2-20260922/sengine-omnikv/bs1/performance.jsonl
panel-1,glm4.7-flash,32768,2048,sengine-omnikv,2,286.2790219301299,1536,5.365394885186106,768,/data2/haojitai/outputs/Sparse-vLLM/paper_boundary_capacity_32k2k_repoopt_20260922/glm4.7-flash/sengine-vanilla_sengine-snapkv_sengine-quest_sengine-omnikv-repoopt-full-r2-20260922/sengine-omnikv/bs2/performance.jsonl
panel-1,glm4.7-flash,32768,2048,sengine-omnikv,4,512.9473657822681,3072,5.98891856148839,768,/data2/haojitai/outputs/Sparse-vLLM/paper_boundary_capacity_32k2k_repoopt_20260922/glm4.7-flash/sengine-vanilla_sengine-snapkv_sengine-quest_sengine-omnikv-repoopt-full-r2-20260922/sengine-omnikv/bs4/performance.jsonl
panel-1,glm4.7-flash,32768,2048,sengine-omnikv,8,941.1579510570295,6144,6.5281284539960325,768,/data2/haojitai/outputs/Sparse-vLLM/paper_boundary_capacity_32k2k_repoopt_20260922/glm4.7-flash/sengine-vanilla_sengine-snapkv_sengine-quest_sengine-omnikv-repoopt-full-r2-20260922/sengine-omnikv/bs8/performance.jsonl
panel-1,glm4.7-flash,32768,2048,sengine-omnikv,16,1432.2799816539944,12288,8.579328174237162,768,/data2/haojitai/outputs/Sparse-vLLM/paper_boundary_capacity_32k2k_repoopt_20260922/glm4.7-flash/sengine-vanilla_sengine-snapkv_sengine-quest_sengine-omnikv-repoopt-full-r2-20260922/sengine-omnikv/bs16/performance.jsonl
panel-1,glm4.7-flash,32768,2048,sengine-omnikv,22,1681.3200797466682,16896,10.049246543552727,768,/data2/haojitai/outputs/Sparse-vLLM/paper_boundary_capacity_32k2k_repoopt_20260922/glm4.7-flash/sengine-vanilla_sengine-snapkv_sengine-quest_sengine-omnikv-repoopt-full-r2-20260922/sengine-omnikv/bs22/performance.jsonl
panel-1,glm4.7-flash,32768,2048,vortex-quest,1,91.47409481359566,768,8.395819620462134,768,/data2/haojitai/outputs/Sparse-vLLM/vortex_glm_tp2_fix_20260910/vortex32/glm4.7-flash/vortex-quest-tp-local-v1/vortex-quest/bs1/performance.jsonl
panel-1,glm4.7-flash,32768,2048,vortex-quest,2,174.14374800288408,1536,8.820299422834069,768,/data2/haojitai/outputs/Sparse-vLLM/vortex_glm_tp2_fix_20260910/vortex32/glm4.7-flash/vortex-quest-tp-local-v1/vortex-quest/bs2/performance.jsonl
panel-1,glm4.7-flash,32768,2048,vortex-quest,4,317.5621461944181,3072,9.673697059974074,768,/data2/haojitai/outputs/Sparse-vLLM/vortex_glm_tp2_fix_20260910/vortex32/glm4.7-flash/vortex-quest-tp-local-v1/vortex-quest/bs4/performance.jsonl
panel-1,glm4.7-flash,32768,2048,vortex-quest,8,590.3467168429199,6144,10.407443328993395,768,/data2/haojitai/outputs/Sparse-vLLM/vortex_glm_tp2_fix_20260910/vortex32/glm4.7-flash/vortex-quest-tp-local-v1/vortex-quest/bs8/performance.jsonl
panel-1,glm4.7-flash,32768,2048,vortex-quest,16,952.213390366391,12288,12.904670449206606,768,/data2/haojitai/outputs/Sparse-vLLM/vortex_glm_tp2_fix_20260910/vortex32/glm4.7-flash/vortex-quest-tp-local-v1/vortex-quest/bs16/performance.jsonl
panel-1,glm4.7-flash,32768,2048,vortex-quest,23,1222.8729954206635,17664,14.44467255892232,768,/data2/haojitai/outputs/Sparse-vLLM/vortex_glm_tp2_fix_20260910/vortex32/glm4.7-flash/vortex-quest-tp-local-v1/vortex-quest/bs23/performance.jsonl
